regions,country,link,rank,retrieved,population,year_population,amount_exports,year_exports,amount_imports,year_imports,amount_gdp,year_gdp,amount_gdp_per_capital,year_gdp_per_capital,amount_real_gdp,year_real_gdp,amount_real_gdp_per_capita,year_real_gdp_per_capita,page_rank,article_rank
Asia,China,/the-world-factbook/countries/china,0,2023-03-31,1413142846,2023,3554000000000.0,2021.0,3091000000000.0,2021.0,14327359000000.0,2019.0,17600.0,2021.0,14327359000000.0,2019.0,17600.0,2021.0,10.86470693867209,1.5646169688328486
North America,United States,/the-world-factbook/countries/united-states,0,2023-03-31,339665118,2023,2557000000000.0,2021.0,3402000000000.0,2021.0,21433228000000.0,2019.0,63700.0,2021.0,21433228000000.0,2019.0,63700.0,2021.0,10.030228561979607,1.558477261190815
Europe,Germany,/the-world-factbook/countries/germany,0,2023-03-31,84220184,2023,2004000000000.0,2021.0,1775000000000.0,2021.0,3860923000000.0,2019.0,53200.0,2021.0,3860923000000.0,2019.0,53200.0,2021.0,7.179783875808442,1.1329556555658418
Asia,India,/the-world-factbook/countries/india,0,2023-03-31,1399179585,2023,643080000000.0,2021.0,717119000000.0,2021.0,2836000000000.0,2019.0,6600.0,2021.0,2836000000000.0,2019.0,6600.0,2021.0,5.862552399292116,0.901368851357802
Middle East,United Arab Emirates,/the-world-factbook/countries/united-arab-emirates,0,2023-03-31,9973449,2023,308500000000.0,2017.0,229200000000.0,2017.0,421077000000.0,2019.0,69700.0,2021.0,421077000000.0,2019.0,69700.0,2021.0,5.789202968961959,0.7778106363307503
Europe,France,/the-world-factbook/countries/france,0,2023-03-31,68521974,2023,920864000000.0,2021.0,957717000000.0,2021.0,2716000000000.0,2019.0,45000.0,2021.0,2716000000000.0,2019.0,45000.0,2021.0,5.6160783318714795,0.8951312948731898
Asia,Japan,/the-world-factbook/countries/japan,0,2023-03-31,123719238,2023,919158000000.0,2021.0,941671000000.0,2021.0,5078679000000.0,2019.0,40800.0,2021.0,5078679000000.0,2019.0,40800.0,2021.0,4.318065523373163,0.7152559742330054
Europe,Italy,/the-world-factbook/countries/italy,0,2023-03-31,61021855,2023,687948000000.0,2021.0,637934000000.0,2021.0,2002763000000.0,2019.0,41900.0,2021.0,2002763000000.0,2019.0,41900.0,2021.0,4.213014937844202,0.7020983760003898
Asia,South Korea,/the-world-factbook/countries/korea-south,0,2023-03-31,51966948,2023,771202000000.0,2021.0,698103000000.0,2021.0,1646604000000.0,2019.0,44200.0,2021.0,1646604000000.0,2019.0,44200.0,2021.0,3.7798382862385944,0.6302581716198881
Europe,United Kingdom,/the-world-factbook/countries/united-kingdom,0,2023-03-31,68138484,2023,874500000000.0,2021.0,898719000000.0,2021.0,2827918000000.0,2019.0,45000.0,2021.0,2827918000000.0,2019.0,45000.0,2021.0,3.562281506522461,0.6280046893675982
Europe,Switzerland,/the-world-factbook/countries/switzerland,0,2023-03-31,8563760,2023,571376000000.0,2021.0,480522000000.0,2021.0,731502000000.0,2019.0,71000.0,2021.0,731502000000.0,2019.0,71000.0,2021.0,3.428896543063344,0.5704281816505462
Europe,Netherlands,/the-world-factbook/countries/netherlands,0,2023-03-31,17463930,2023,839600000000.0,2021.0,735700000000.0,2021.0,907042000000.0,2019.0,56600.0,2021.0,907042000000.0,2019.0,56600.0,2021.0,3.1859136791706657,0.5990066804976671
Europe,Spain,/the-world-factbook/countries/spain,0,2023-03-31,47222613,2023,497868000000.0,2021.0,476678000000.0,2021.0,1393351000000.0,2019.0,37900.0,2021.0,1393351000000.0,2019.0,37900.0,2021.0,2.989377988530107,0.5345986486061152
Southeast Asia,Singapore,/the-world-factbook/countries/singapore,0,2023-03-31,5975383,2023,733782000000.0,2021.0,609280000000.0,2021.0,372088000000.0,2019.0,106000.0,2021.0,372088000000.0,2019.0,106000.0,2021.0,2.3092800704282515,0.4456824167820135
Europe,Belgium,/the-world-factbook/countries/belgium,0,2023-03-31,11913633,2023,515625000000.0,2021.0,509018000000.0,2021.0,533028000000.0,2019.0,51700.0,2021.0,533028000000.0,2019.0,51700.0,2021.0,2.038577856723104,0.4325706941988498
Middle East,Saudi Arabia,/the-world-factbook/countries/saudi-arabia,0,2023-03-31,35939806,2023,286502000000.0,2021.0,213016000000.0,2021.0,792849000000.0,2019.0,44300.0,2021.0,792849000000.0,2019.0,44300.0,2021.0,1.9411311865183591,0.382779332176551
Europe,Poland,/the-world-factbook/countries/poland,0,2023-03-31,37991766,2023,411621000000.0,2021.0,380699000000.0,2021.0,595720000000.0,2019.0,34900.0,2021.0,595720000000.0,2019.0,34900.0,2021.0,1.858883896425022,0.4016908547898854
Asia,Russia,/the-world-factbook/countries/russia,0,2023-03-31,141698923,2023,550035000000.0,2021.0,379947000000.0,2021.0,1702361000000.0,2019.0,28000.0,2021.0,1702361000000.0,2019.0,28000.0,2021.0,1.767216978421133,0.3989470773699973
Southeast Asia,Thailand,/the-world-factbook/countries/thailand,0,2023-03-31,69794997,2023,296002000000.0,2021.0,295780000000.0,2021.0,543798000000.0,2019.0,17100.0,2021.0,543798000000.0,2019.0,17100.0,2021.0,1.6515324736257788,0.3525152261172168
Oceania,Australia,/the-world-factbook/countries/australia,0,2023-03-31,26461166,2023,389794000000.0,2021.0,298712000000.0,2021.0,1390790000000.0,2019.0,49800.0,2021.0,1390790000000.0,2019.0,49800.0,2021.0,1.5023189579497696,0.3638064897074769
Southeast Asia,Indonesia,/the-world-factbook/countries/indonesia,0,2023-03-31,279476346,2023,246870000000.0,2021.0,217715000000.0,2021.0,1119720000000.0,2019.0,11900.0,2021.0,1119720000000.0,2019.0,11900.0,2021.0,1.5019263200058914,0.3260522972464447
Africa,South Africa,/the-world-factbook/countries/south-africa,0,2023-03-31,58048332,2023,130884999999.99998,2021.0,104806000000.0,2021.0,350032000000.0,2019.0,13300.0,2021.0,350032000000.0,2019.0,13300.0,2021.0,1.3507184784189,0.3263680320636595
Southeast Asia,Hong Kong,/the-world-factbook/countries/hong-kong,0,2023-03-31,7288167,2023,751260000000.0,2021.0,733459000000.0,2021.0,365753000000.0,2019.0,60000.0,2021.0,365753000000.0,2019.0,60000.0,2021.0,1.340838526339676,0.30742368652908514
Southeast Asia,Philippines,/the-world-factbook/countries/philippines,0,2023-03-31,116434200,2023,87790000000.0,2021.0,126508000000.0,2021.0,377205000000.0,2019.0,8100.0,2021.0,377205000000.0,2019.0,8100.0,2021.0,1.2841075273008546,0.3081457983503984
Europe,Romania,/the-world-factbook/countries/romania,0,2023-03-31,18326327,2023,115879000000.0,2021.0,132056000000.00002,2021.0,249543000000.0,2019.0,30800.0,2021.0,249543000000.0,2019.0,30800.0,2021.0,1.251103314129508,0.3008042904934478
North America,Canada,/the-world-factbook/countries/canada,0,2023-03-31,38516736,2023,611146000000.0,2021.0,609256000000.0,2021.0,1741865000000.0,2019.0,47900.0,2021.0,1741865000000.0,2019.0,47900.0,2021.0,1.2301538917170864,0.31205365398399576
Southeast Asia,Malaysia,/the-world-factbook/countries/malaysia,0,2023-03-31,34219975,2023,256659000000.0,2021.0,230188000000.0,2021.0,364631000000.0,2019.0,26300.0,2021.0,364631000000.0,2019.0,26300.0,2021.0,1.1572850680703164,0.29999395075133656
Africa,Kenya,/the-world-factbook/countries/kenya,0,2023-03-31,57052004,2023,11825000000.0,2021.0,21853000000.0,2021.0,95520000000.0,2019.0,4700.0,2021.0,95520000000.0,2019.0,4700.0,2021.0,1.1175788945192506,0.24934611243366345
Europe,Serbia,/the-world-factbook/countries/serbia,0,2023-03-31,6693375,2023,33726000000.0,2021.0,39039000000.0,2021.0,51449000000.0,2019.0,19800.0,2021.0,51449000000.0,2019.0,19800.0,2021.0,1.1038933564618414,0.2887766335342007
Europe,Portugal,/the-world-factbook/countries/portugal,0,2023-03-31,10223150,2023,105648000000.0,2021.0,112413000000.0,2021.0,237698000000.0,2019.0,33700.0,2021.0,237698000000.0,2019.0,33700.0,2021.0,1.0823793107720352,0.278721102849148
Africa,Seychelles,/the-world-factbook/countries/seychelles,0,2023-03-31,97617,2023,1751000000.0,2021.0,1821000000.0,2021.0,1748000000.0,2019.0,28800.0,2021.0,1748000000.0,2019.0,28800.0,2021.0,1.0451480426756945,0.25810767027468523
Middle East,Jordan,/the-world-factbook/countries/jordan,0,2023-03-31,11086716,2023,13864000000.0,2021.0,23392000000.0,2021.0,44568000000.0,2019.0,9200.0,2021.0,44568000000.0,2019.0,9200.0,2021.0,1.0443584397077537,0.26766814159300933
Europe,Ireland,/the-world-factbook/countries/ireland,0,2023-03-31,5323991,2023,677028000000.0,2021.0,477544000000.0,2021.0,398476000000.0,2019.0,102500.0,2021.0,398476000000.0,2019.0,102500.0,2021.0,1.012535378904744,0.2717657437184949
Middle East,Kuwait,/the-world-factbook/countries/kuwait,0,2023-03-31,3103580,2023,77121000000.0,2021.0,48954000000.0,2021.0,134638000000.0,2019.0,43900.0,2020.0,134638000000.0,2019.0,43900.0,2020.0,0.9985518172848913,0.2670728534780103
Europe,Malta,/the-world-factbook/countries/malta,0,2023-03-31,467138,2023,22110000000.0,2021.0,21362000000.0,2021.0,14986000000.0,2019.0,44700.0,2021.0,14986000000.0,2019.0,44700.0,2021.0,0.9957226954802127,0.25672231465367074
Southeast Asia,Taiwan,/the-world-factbook/countries/taiwan,0,2023-03-31,23588613,2023,388490000000.0,2019.0,308744000000.0,2019.0,611391000000.0,2019.0,24502.0,2018.0,611391000000.0,2019.0,24502.0,2018.0,0.9840822775444714,0.2615645020921667
Oceania,New Zealand,/the-world-factbook/countries/new-zealand,0,2023-03-31,5109702,2023,54777000000.0,2021.0,62862000000.0,2021.0,205202000000.0,2019.0,42900.0,2021.0,205202000000.0,2019.0,42900.0,2021.0,0.9731987782503597,0.27548005366301925
Europe,Greece,/the-world-factbook/countries/greece,0,2023-03-31,10497595,2023,87521000000.0,2021.0,103532000000.0,2021.0,209790000000.0,2019.0,29500.0,2021.0,209790000000.0,2019.0,29500.0,2021.0,0.9552912151661673,0.262433467930845
Africa,Mauritania,/the-world-factbook/countries/mauritania,0,2023-03-31,4244878,2023,3180000000.0,2021.0,4312000000.0,2021.0,706000000.0,2018.0,5300.0,2021.0,706000000.0,2018.0,5300.0,2021.0,0.9483494008891843,0.24828517129130118
Europe,San Marino,/the-world-factbook/countries/san-marino,0,2023-03-31,34892,2023,3827000000.0,2011.0,2551000000.0,2011.0,1643000000.0,2017.0,56400.0,2020.0,1643000000.0,2017.0,56400.0,2020.0,0.9343606360515866,0.25391806597606525
Europe,Sweden,/the-world-factbook/countries/sweden,0,2023-03-31,10536338,2023,290793000000.0,2021.0,263269000000.0,2021.0,531350000000.0,2019.0,53600.0,2021.0,531350000000.0,2019.0,53600.0,2021.0,0.9320170476115134,0.27376001263999583
Europe,Austria,/the-world-factbook/countries/austria,0,2023-03-31,8940860,2023,268277000000.0,2021.0,265769000000.0,2021.0,445025000000.0,2019.0,54100.0,2021.0,445025000000.0,2019.0,54100.0,2021.0,0.9242869815259896,0.26728445833152814
Southeast Asia,Vietnam,/the-world-factbook/countries/vietnam,0,2023-03-31,104799174,2023,339984000000.0,2021.0,338021000000.0,2021.0,259957000000.0,2019.0,10600.0,2021.0,259957000000.0,2019.0,10600.0,2021.0,0.9104975617505894,0.2550211523388732
Africa,Uganda,/the-world-factbook/countries/uganda,0,2023-03-31,47729952,2023,6177000000.0,2021.0,10705000000.0,2021.0,34683000000.0,2019.0,2200.0,2021.0,34683000000.0,2019.0,2200.0,2021.0,0.9059771894821299,0.242570419713247
Europe,Slovenia,/the-world-factbook/countries/slovenia,0,2023-03-31,2099790,2023,51634000000.0,2021.0,47665000000.0,2021.0,54160000000.0,2019.0,40000.0,2021.0,54160000000.0,2019.0,40000.0,2021.0,0.8942402344052898,0.24829055511287892
Middle East,Qatar,/the-world-factbook/countries/qatar,0,2023-03-31,2532104,2023,105549000000.0,2021.0,61204000000.0,2021.0,191290000000.0,2018.0,92900.0,2021.0,191290000000.0,2018.0,92900.0,2021.0,0.894166696209841,0.24428718228386276
Arctic Region,Iceland,/the-world-factbook/countries/iceland,0,2023-03-31,360872,2023,9775000000.0,2021.0,10234000000.0,2021.0,24614000000.0,2019.0,53600.0,2021.0,24614000000.0,2019.0,53600.0,2021.0,0.8925778329892845,0.26173136328455787
Europe,Bulgaria,/the-world-factbook/countries/bulgaria,0,2023-03-31,6827736,2023,51505000000.0,2021.0,50059000000.0,2021.0,68489999999.99999,2019.0,24400.0,2021.0,68489999999.99999,2019.0,24400.0,2021.0,0.8891432759498116,0.2547922979566964
Africa,Central African Republic,/the-world-factbook/countries/central-african-republic,0,2023-03-31,5552228,2023,113700000.0,2017.0,393100000.0,2017.0,1937000000.0,2017.0,800.0,2021.0,1937000000.0,2017.0,800.0,2021.0,0.8880957722895529,0.24396472626408025
Europe,Norway,/the-world-factbook/countries/norway,0,2023-03-31,5597924,2023,199074000000.0,2021.0,140444000000.0,2021.0,405695000000.0,2019.0,65700.0,2021.0,405695000000.0,2019.0,65700.0,2021.0,0.8808808668490802,0.262007475021614
Europe,Hungary,/the-world-factbook/countries/hungary,0,2023-03-31,9670009,2023,148229000000.0,2021.0,147577000000.0,2021.0,163251000000.0,2019.0,33600.0,2021.0,163251000000.0,2019.0,33600.0,2021.0,0.8696961069165492,0.26098573508266415
Central America and the Caribbean,El Salvador,/the-world-factbook/countries/el-salvador,0,2023-03-31,6602370,2023,8491000000.0,2021.0,15754000000.0,2021.0,27023000000.0,2019.0,9100.0,2021.0,27023000000.0,2019.0,9100.0,2021.0,0.8676099163788226,0.23961332281817063
Europe,Gibraltar,/the-world-factbook/countries/gibraltar,0,2023-03-31,29629,2023,202300000.0,2014.0,2967000000.0,2004.0,2044000000.0,2014.0,61700.0,2014.0,2044000000.0,2014.0,61700.0,2014.0,0.8612063600115946,0.24908052954114668
Africa,Zambia,/the-world-factbook/countries/zambia,0,2023-03-31,20216029,2023,11716000000.0,2021.0,7701000000.0,2021.0,25710000000.0,2017.0,3200.0,2021.0,25710000000.0,2017.0,3200.0,2021.0,0.8407349145207883,0.24807307021529534
Africa,Egypt,/the-world-factbook/countries/egypt,0,2023-03-31,109546720,2023,58339000000.0,2021.0,94039000000.0,2021.0,323763000000.0,2019.0,11600.0,2021.0,323763000000.0,2019.0,11600.0,2021.0,0.8383933163471702,0.25649177987754107
Central America and the Caribbean,Nicaragua,/the-world-factbook/countries/nicaragua,0,2023-03-31,6359689,2023,6617000000.0,2021.0,8305999999.999999,2021.0,12570000000.0,2019.0,5600.0,2021.0,12570000000.0,2019.0,5600.0,2021.0,0.8234522590501734,0.23834379178789697
Africa,Burundi,/the-world-factbook/countries/burundi,0,2023-03-31,13162952,2023,285105000.0,2018.0,905294000.0,2018.0,3027000000.0,2019.0,700.0,2021.0,3027000000.0,2019.0,700.0,2021.0,0.8218928902755587,0.23905788379118328
Africa,Madagascar,/the-world-factbook/countries/madagascar,0,2023-03-31,28812195,2023,3341000000.0,2021.0,4768000000.0,2021.0,13964000000.0,2019.0,1500.0,2021.0,13964000000.0,2019.0,1500.0,2021.0,0.8199133943879673,0.23847264539876037
Central America and the Caribbean,Guatemala,/the-world-factbook/countries/guatemala,0,2023-03-31,17980803,2023,15318000000.0,2021.0,27388000000.0,2021.0,76678000000.0,2019.0,8900.0,2021.0,76678000000.0,2019.0,8900.0,2021.0,0.816261013038799,0.2386287590511294
Africa,Morocco,/the-world-factbook/countries/morocco,0,2023-03-31,37067420,2023,47078000000.0,2021.0,60047000000.0,2021.0,118858000000.0,2019.0,8100.0,2021.0,118858000000.0,2019.0,8100.0,2021.0,0.8096966672225994,0.24135412930146946
Asia,Pakistan,/the-world-factbook/countries/pakistan,0,2023-03-31,247653551,2023,35566000000.0,2021.0,76392000000.0,2021.0,253183000000.0,2019.0,5200.0,2021.0,253183000000.0,2019.0,5200.0,2021.0,0.8063029318757402,0.22909894083780122
Africa,Ghana,/the-world-factbook/countries/ghana,0,2023-03-31,33846114,2023,23901000000.0,2021.0,25967000000.0,2021.0,65363000000.0,2019.0,5400.0,2021.0,65363000000.0,2019.0,5400.0,2021.0,0.7979252450515122,0.2394202724946422
Middle East,Bahrain,/the-world-factbook/countries/bahrain,0,2023-03-31,1553886,2023,30097000000.0,2018.0,27187000000.0,2018.0,38472000000.0,2019.0,49400.0,2021.0,38472000000.0,2019.0,49400.0,2021.0,0.7912581044261411,0.23742388859780159
South America,Chile,/the-world-factbook/countries/chile,0,2023-03-31,18549457,2023,100634000000.0,2021.0,102086000000.0,2021.0,282655000000.0,2019.0,25400.0,2021.0,282655000000.0,2019.0,25400.0,2021.0,0.7850194697369388,0.2476440911793489
Europe,Kosovo,/the-world-factbook/countries/kosovo,0,2023-03-31,1964327,2023,3138000000.0,2021.0,6128000000.0,2021.0,7926000000.0,2019.0,11900.0,2021.0,7926000000.0,2019.0,11900.0,2021.0,0.7828889364078782,0.23856656895958986
South America,Brazil,/the-world-factbook/countries/brazil,0,2023-03-31,218689757,2023,317175000000.0,2021.0,297924000000.0,2021.0,1877942000000.0,2019.0,14600.0,2021.0,1877942000000.0,2019.0,14600.0,2021.0,0.781956598928431,0.2487227063016497
Central America and the Caribbean,British Virgin Islands,/the-world-factbook/countries/british-virgin-islands,0,2023-03-31,39369,2023,23000000.0,2017.0,300000000.0,2017.0,1380000000.0,2018.0,34200.0,2017.0,1380000000.0,2018.0,34200.0,2017.0,0.7777404857422027,0.2338242598824666
Africa,"Congo, Democratic Republic of the",/the-world-factbook/countries/congo-democratic-republic-of-the,0,2023-03-31,111859928,2023,22354000000.0,2021.0,22193000000.0,2021.0,47160000000.0,2019.0,1100.0,2021.0,47160000000.0,2019.0,1100.0,2021.0,0.7721064146627498,0.22824280867076863
Europe,Bosnia and Herzegovina,/the-world-factbook/countries/bosnia-and-herzegovina,0,2023-03-31,3807764,2023,9948000000.0,2021.0,12726000000.0,2021.0,20078000000.0,2019.0,15700.0,2021.0,20078000000.0,2019.0,15700.0,2021.0,0.7665928238436917,0.23811108677322618
Europe,Croatia,/the-world-factbook/countries/croatia,0,2023-03-31,4169239,2023,35308000000.0,2021.0,36331000000.0,2021.0,60687000000.0,2019.0,31600.0,2021.0,60687000000.0,2019.0,31600.0,2021.0,0.7593538698220156,0.23475801290107265
Central America and the Caribbean,Cuba,/the-world-factbook/countries/cuba,0,2023-03-31,10985974,2023,2630000000.0,2017.0,11060000000.0,2017.0,93790000000.0,2017.0,12300.0,2016.0,93790000000.0,2017.0,12300.0,2016.0,0.7582865565463373,0.23618626294028333
Europe,Estonia,/the-world-factbook/countries/estonia,0,2023-03-31,1202762,2023,29056000000.0,2021.0,29234000000.0,2021.0,31461000000.0,2019.0,38700.0,2021.0,31461000000.0,2019.0,38700.0,2021.0,0.7532913248526132,0.24534423136503683
Africa,Burkina Faso,/the-world-factbook/countries/burkina-faso,0,2023-03-31,22489126,2023,5356000000.0,2020.0,4779000000.0,2020.0,14271000000.0,2018.0,2200.0,2021.0,14271000000.0,2018.0,2200.0,2021.0,0.7418914600107978,0.23645283492049496
Middle East,Israel,/the-world-factbook/countries/israel,0,2023-03-31,9043387,2023,143884000000.0,2021.0,124578000000.0,2021.0,394930000000.0,2019.0,42100.0,2021.0,394930000000.0,2019.0,42100.0,2021.0,0.7259597610238406,0.22975126574769425
Europe,Faroe Islands,/the-world-factbook/countries/faroe-islands,0,2023-03-31,52600,2023,1184000000.0,2016.0,978400000.0,2016.0,2765000000.0,2014.0,40000.0,2014.0,2765000000.0,2014.0,40000.0,2014.0,0.7250324329141243,0.23702882372897727
Europe,Denmark,/the-world-factbook/countries/denmark,0,2023-03-31,5946984,2023,234262000000.0,2021.0,208121000000.0,2021.0,350037000000.0,2019.0,58000.0,2021.0,350037000000.0,2019.0,58000.0,2021.0,0.7239516222841105,0.23500836478402007
Asia,Afghanistan,/the-world-factbook/countries/afghanistan,0,2023-03-31,39232003,2023,1476000000.0,2020.0,6983000000.0,2020.0,20240000000.0,2017.0,1500.0,2021.0,20240000000.0,2017.0,1500.0,2021.0,0.7217761899596045,0.23317810300830985
South America,Guyana,/the-world-factbook/countries/guyana,0,2023-03-31,791739,2023,4640000000.0,2021.0,6611000000.0,2021.0,3561000000.0,2017.0,21900.0,2021.0,3561000000.0,2017.0,21900.0,2021.0,0.7173442575911534,0.24349190643490795
Africa,Mauritius,/the-world-factbook/countries/mauritius,0,2023-03-31,1309448,2023,3198000000.0,2021.0,6082000000.0,2021.0,14004000000.0,2019.0,21000.0,2021.0,14004000000.0,2019.0,21000.0,2021.0,0.7123300778696396,0.2240033520831666
Africa,Niger,/the-world-factbook/countries/niger,0,2023-03-31,25396840,2023,1338000000.0,2020.0,3542000000.0,2020.0,12926000000.0,2019.0,1200.0,2021.0,12926000000.0,2019.0,1200.0,2021.0,0.7107814524722501,0.232221067522074
Oceania,"Micronesia, Federated States of",/the-world-factbook/countries/micronesia-federated-states-of,0,2023-03-31,100319,2023,88300000.0,2013.0,167800000.0,2015.0,328000000.0,2017.0,3300.0,2021.0,328000000.0,2017.0,3300.0,2021.0,0.7077449025416811,0.2273380338550715
Middle East,Cyprus,/the-world-factbook/countries/cyprus,0,2023-03-31,1308120,2023,24551000000.0,2021.0,23748000000.0,2021.0,24946000000.0,2019.0,41700.0,2021.0,24946000000.0,2019.0,41700.0,2021.0,0.7072196635919626,0.23332218335043495
Europe,Montenegro,/the-world-factbook/countries/montenegro,0,2023-03-31,602445,2023,2502000000.0,2021.0,3637000000.0,2021.0,5486000000.0,2019.0,20600.0,2021.0,5486000000.0,2019.0,20600.0,2021.0,0.7063910122921758,0.23055477085949289
Africa,Rwanda,/the-world-factbook/countries/rwanda,0,2023-03-31,13400541,2023,2110000000.0,2021.0,3856000000.0,2021.0,9136000000.0,2017.0,2200.0,2021.0,9136000000.0,2017.0,2200.0,2021.0,0.7035732847629192,0.22364685321904879
Oceania,Fiji,/the-world-factbook/countries/fiji,0,2023-03-31,947760,2023,1171000000.0,2021.0,2344000000.0,2021.0,4891000000.0,2017.0,10400.0,2021.0,4891000000.0,2017.0,10400.0,2021.0,0.6924930232467481,0.23315091075662261
Oceania,Guam,/the-world-factbook/countries/guam,0,2023-03-31,169330,2023,1124000000.0,2016.0,2964000000.0,2016.0,5793000000.0,2016.0,35600.0,2016.0,5793000000.0,2016.0,35600.0,2016.0,0.6842516921982098,0.2211094112170603
Africa,Togo,/the-world-factbook/countries/togo,0,2023-03-31,8703961,2023,1722000000.0,2020.0,2389000000.0,2020.0,5232000000.0,2018.0,2100.0,2021.0,5232000000.0,2018.0,2100.0,2021.0,0.6818388330708814,0.22528728422103447
Europe,Moldova,/the-world-factbook/countries/moldova,0,2023-03-31,3250532,2023,4197000000.0,2021.0,7915000000.0,2021.0,11982000000.0,2019.0,14000.0,2021.0,11982000000.0,2019.0,14000.0,2021.0,0.6814380998169873,0.22275898291961999
South America,Suriname,/the-world-factbook/countries/suriname,0,2023-03-31,639759,2023,2299000000.0,2021.0,1876000000.0,2021.0,3419000000.0,2017.0,14800.0,2021.0,3419000000.0,2017.0,14800.0,2021.0,0.6808054423351252,0.22515913014018216
Europe,Luxembourg,/the-world-factbook/countries/luxembourg,0,2023-03-31,660924,2023,177831000000.0,2021.0,148150000000.0,2021.0,71089000000.0,2019.0,115700.0,2021.0,71089000000.0,2019.0,115700.0,2021.0,0.6790489413273295,0.21967864058183348
Europe,Monaco,/the-world-factbook/countries/monaco,0,2023-03-31,31597,2023,964600000.0,2017.0,1371000000.0,2017.0,6006000000.0,2015.0,115700.0,2015.0,6006000000.0,2015.0,115700.0,2015.0,0.6730614637501512,0.21520416742202242
Asia,Uzbekistan,/the-world-factbook/countries/uzbekistan,0,2023-03-31,31360836,2023,16399000000.0,2021.0,27774000000.0,2021.0,57789000000.0,2019.0,7700.0,2021.0,57789000000.0,2019.0,7700.0,2021.0,0.6703111475329122,0.23222546519768672
Europe,North Macedonia,/the-world-factbook/countries/north-macedonia,0,2023-03-31,2133410,2023,9157000000.0,2021.0,11354000000.0,2021.0,12696000000.0,2019.0,16500.0,2021.0,12696000000.0,2019.0,16500.0,2021.0,0.6688905932952808,0.22233270406893996
Oceania,Kiribati,/the-world-factbook/countries/kiribati,0,2023-03-31,115372,2023,10754000.0,2021.0,201984000.0,2021.0,197000000.0,2017.0,1900.0,2021.0,197000000.0,2017.0,1900.0,2021.0,0.6666049876751747,0.23047766736233982
Central America and the Caribbean,Puerto Rico,/the-world-factbook/countries/puerto-rico,0,2023-03-31,3057311,2023,73170000000.0,2017.0,49010000000.0,2017.0,104200000000.0,2017.0,32600.0,2021.0,104200000000.0,2017.0,32600.0,2021.0,0.6654688408888996,0.2141092108005669
Africa,Equatorial Guinea,/the-world-factbook/countries/equatorial-guinea,0,2023-03-31,1737695,2023,8776000000.0,2019.0,6245000000.0,2019.0,10634000000.0,2019.0,14600.0,2021.0,10634000000.0,2019.0,14600.0,2021.0,0.6644621855164893,0.21707462427936564
Africa,Ethiopia,/the-world-factbook/countries/ethiopia,0,2023-03-31,116462712,2023,9496000000.0,2021.0,20859000000.0,2021.0,92154000000.0,2019.0,2300.0,2021.0,92154000000.0,2019.0,2300.0,2021.0,0.6596724715584041,0.21656353854367938
South America,Argentina,/the-world-factbook/countries/argentina,0,2023-03-31,46621847,2023,87415000000.0,2021.0,72362000000.0,2021.0,447467000000.0,2019.0,21500.0,2021.0,447467000000.0,2019.0,21500.0,2021.0,0.6554711836525977,0.23134810309973444
Asia,Maldives,/the-world-factbook/countries/maldives,0,2023-03-31,389568,2023,3950000000.0,2021.0,3501000000.0,2021.0,4505000000.0,2017.0,18800.0,2021.0,4505000000.0,2017.0,18800.0,2021.0,0.6545853449483209,0.2200774792286843
South America,Peru,/the-world-factbook/countries/peru,0,2023-03-31,32440172,2023,66098000000.0,2021.0,58611000000.0,2021.0,230707000000.0,2019.0,12500.0,2021.0,230707000000.0,2019.0,12500.0,2021.0,0.6512400156030697,0.20888710242270936
AsiaEurope,Ukraine,/the-world-factbook/countries/ukraine,0,2023-03-31,43306477,2023,81504000000.0,2021.0,84175000000.0,2021.0,155082000000.0,2019.0,12900.0,2021.0,155082000000.0,2019.0,12900.0,2021.0,0.6451541086039845,0.22160765124856976
Oceania,American Samoa,/the-world-factbook/countries/american-samoa,0,2023-03-31,44620,2023,428000000.0,2016.0,615000000.0,2016.0,658000000.0,2016.0,11200.0,2016.0,658000000.0,2016.0,11200.0,2016.0,0.642729955543729,0.22392470134189427
Oceania,Samoa,/the-world-factbook/countries/samoa,0,2023-03-31,207501,2023,97774000.0,2021.0,430011000.0,2021.0,841000000.0,2017.0,5500.0,2021.0,841000000.0,2017.0,5500.0,2021.0,0.6407226377697638,0.22717139043910292
Central America and the Caribbean,Honduras,/the-world-factbook/countries/honduras,0,2023-03-31,9571352,2023,7941000000.0,2021.0,14495000000.0,2021.0,25145000000.0,2019.0,5600.0,2021.0,25145000000.0,2019.0,5600.0,2021.0,0.6400357185521975,0.21178233503733504
Central America and the Caribbean,Panama,/the-world-factbook/countries/panama,0,2023-03-31,4404108,2023,27237000000.0,2021.0,24627000000.0,2021.0,66801000000.0,2019.0,29000.0,2021.0,66801000000.0,2019.0,29000.0,2021.0,0.6376437140007836,0.22544027742606937
North America,Mexico,/the-world-factbook/countries/mexico,0,2023-03-31,129875529,2023,522235000000.0,2021.0,544752000000.0,2021.0,1269956000000.0,2019.0,19100.0,2021.0,1269956000000.0,2019.0,19100.0,2021.0,0.635025499095104,0.20352964053918882
Middle East,Oman,/the-world-factbook/countries/oman,0,2023-03-31,3833465,2023,46324000000.0,2021.0,36502000000.0,2021.0,76883000000.0,2019.0,34300.0,2021.0,76883000000.0,2019.0,34300.0,2021.0,0.632978810607528,0.21349115431305649
Africa,Comoros,/the-world-factbook/countries/comoros,0,2023-03-31,888378,2023,139575000.0,2021.0,407000000.0,2021.0,1186000000.0,2019.0,3200.0,2021.0,1186000000.0,2019.0,3200.0,2021.0,0.6317181305909308,0.21297799385022118
Central America and the Caribbean,Jamaica,/the-world-factbook/countries/jamaica,0,2023-03-31,2820982,2023,4385000000.0,2021.0,7414000000.0,2021.0,15847000000.0,2019.0,9600.0,2021.0,15847000000.0,2019.0,9600.0,2021.0,0.6308466458377202,0.2140770881875565
Europe,Lithuania,/the-world-factbook/countries/lithuania,0,2023-03-31,2655755,2023,53397000000.0,2021.0,50377000000.0,2021.0,54597000000.0,2019.0,39300.0,2021.0,54597000000.0,2019.0,39300.0,2021.0,0.6291688123819369,0.22494768425952713
Africa,Libya,/the-world-factbook/countries/libya,0,2023-03-31,7252573,2023,9537000000.0,2020.0,14334000000.0,2020.0,52259000000.0,2019.0,22000.0,2021.0,52259000000.0,2019.0,22000.0,2021.0,0.6286528690767603,0.21243880061960005
Africa,Algeria,/the-world-factbook/countries/algeria,0,2023-03-31,44758398,2023,41776000000.0,2021.0,44322000000.0,2021.0,169912000000.0,2019.0,11000.0,2021.0,169912000000.0,2019.0,11000.0,2021.0,0.6265237134047721,0.2147041245176562
Central America and the Caribbean,Cayman Islands,/the-world-factbook/countries/cayman-islands,0,2023-03-31,65483,2023,3652000000.0,2020.0,2507000000.0,2020.0,2250000000.0,2008.0,67500.0,2021.0,2250000000.0,2008.0,67500.0,2021.0,0.6254058257620232,0.21054228663691255
Africa,Chad,/the-world-factbook/countries/chad,0,2023-03-31,18523165,2023,2464000000.0,2017.0,2160000000.0,2017.0,10912000000.0,2019.0,1400.0,2021.0,10912000000.0,2019.0,1400.0,2021.0,0.6217201021069528,0.21236952383974356
South America,Ecuador,/the-world-factbook/countries/ecuador,0,2023-03-31,17483326,2023,29325000000.0,2021.0,28567000000.0,2021.0,107436000000.0,2019.0,10700.0,2021.0,107436000000.0,2019.0,10700.0,2021.0,0.6204350790772573,0.2236968696399495
Oceania,Northern Mariana Islands,/the-world-factbook/countries/northern-mariana-islands,0,2023-03-31,51295,2023,914000000.0,2016.0,893000000.0,2016.0,1242000000.0,2016.0,24500.0,2016.0,1242000000.0,2016.0,24500.0,2016.0,0.6191238470807711,0.20986751550930005
Central America and the Caribbean,Antigua and Barbuda,/the-world-factbook/countries/antigua-and-barbuda,0,2023-03-31,101489,2023,749476000.0,2021.0,868797000.0,2021.0,1524000000.0,2017.0,19100.0,2021.0,1524000000.0,2017.0,19100.0,2021.0,0.6186914647384648,0.22998452418966955
Southeast Asia,Burma,/the-world-factbook/countries/burma,0,2023-03-31,57970293,2023,17523000000.0,2019.0,17356000000.0,2019.0,76606000000.0,2019.0,4000.0,2021.0,76606000000.0,2019.0,4000.0,2021.0,0.6154723880319097,0.2128394258227076
Africa,Angola,/the-world-factbook/countries/angola,0,2023-03-31,35981281,2023,33675000000.0,2021.0,18845000000.0,2021.0,97261000000.0,2019.0,5900.0,2021.0,97261000000.0,2019.0,5900.0,2021.0,0.6147502712447362,0.2254856609722928
Central America and the Caribbean,Virgin Islands,/the-world-factbook/countries/virgin-islands,0,2023-03-31,104917,2023,1810000000.0,2016.0,2489000000.0,2016.0,5182000000.0,2016.0,37000.0,2016.0,5182000000.0,2016.0,37000.0,2016.0,0.6111359625233915,0.22406599206387656
Africa,Malawi,/the-world-factbook/countries/malawi,0,2023-03-31,21279597,2023,1538000000.0,2021.0,3582000000.0,2021.0,7766000000.0,2019.0,1500.0,2021.0,7766000000.0,2019.0,1500.0,2021.0,0.6013953760100665,0.21089723738419783
Africa,Gabon,/the-world-factbook/countries/gabon,0,2023-03-31,2397368,2023,10800000000.0,2019.0,5020000000.0,2019.0,16064000000.0,2019.0,13800.0,2021.0,16064000000.0,2019.0,13800.0,2021.0,0.599891386375123,0.21132509886223175
Central America and the Caribbean,Barbados,/the-world-factbook/countries/barbados,0,2023-03-31,303431,2023,2228000000.0,2017.0,2213000000.0,2017.0,4990000000.0,2017.0,13800.0,2021.0,4990000000.0,2017.0,13800.0,2021.0,0.5942452950450339,0.22008496368710434
Africa,Guinea,/the-world-factbook/countries/guinea,0,2023-03-31,13607249,2023,10266000000.0,2021.0,5353000000.0,2021.0,13550000000.0,2019.0,2600.0,2021.0,13550000000.0,2019.0,2600.0,2021.0,0.5917065955902295,0.21041160954223573
Middle East,Iraq,/the-world-factbook/countries/iraq,0,2023-03-31,41266109,2023,78261000000.0,2021.0,50707000000.0,2021.0,231994000000.0,2019.0,9000.0,2021.0,231994000000.0,2019.0,9000.0,2021.0,0.5898500872834505,0.2106242929603366
Africa,Benin,/the-world-factbook/countries/benin,0,2023-03-31,14219908,2023,3506000000.0,2020.0,3942000000.0,2020.0,10315000000.0,2018.0,3300.0,2021.0,10315000000.0,2018.0,3300.0,2021.0,0.5894515178084415,0.21177050338308845
Oceania,Palau,/the-world-factbook/countries/palau,0,2023-03-31,21779,2023,12070000.0,2021.0,180380000.0,2021.0,292000000.0,2017.0,13800.0,2021.0,292000000.0,2017.0,13800.0,2021.0,0.5873501837813233,0.21163755926450814
North America,Bermuda,/the-world-factbook/countries/bermuda,0,2023-03-31,72576,2023,1123000000.0,2021.0,1925000000.0,2021.0,6127000000.0,2016.0,80300.0,2021.0,6127000000.0,2016.0,80300.0,2021.0,0.5860871882804374,0.20813010470259163
Oceania,Tokelau,/the-world-factbook/countries/tokelau,0,2023-03-31,1647,2019,103000.0,2015.0,15792720.0,2015.0,12658000.0,2017.0,6004.0,2017.0,12658000.0,2017.0,6004.0,2017.0,0.5844229213954079,0.215130723825744
Oceania,French Polynesia,/the-world-factbook/countries/french-polynesia,0,2023-03-31,301488,2023,1245000000.0,2014.0,2235000000.0,2014.0,4795000000.0,2015.0,17000.0,2015.0,4795000000.0,2015.0,17000.0,2015.0,0.5843868588258674,0.21068907823712468
Central America and the Caribbean,"Bahamas, The",/the-world-factbook/countries/bahamas-the,0,2023-03-31,358508,2023,3202000000.0,2021.0,4924000000.0,2021.0,12160000000.0,2017.0,30200.0,2021.0,12160000000.0,2017.0,30200.0,2021.0,0.5808191466588659,0.21098390081421883
Southeast Asia,Brunei,/the-world-factbook/countries/brunei,0,2023-03-31,484991,2023,11202000000.0,2021.0,9219000000.0,2021.0,12130000000.0,2017.0,60100.0,2021.0,12130000000.0,2017.0,60100.0,2021.0,0.5778229973742142,0.21418841659101626
Europe,Latvia,/the-world-factbook/countries/latvia,0,2023-03-31,1821750,2023,25248000000.0,2021.0,26622000000.0,2021.0,34084000000.000004,2019.0,32100.0,2021.0,34084000000.000004,2019.0,32100.0,2021.0,0.5773606998655699,0.21475392151854586
South America,Venezuela,/the-world-factbook/countries/venezuela,0,2023-03-31,30518260,2023,83401000000.0,2018.0,18432000000.0,2018.0,210100000000.0,2017.0,7704.0,2018.0,210100000000.0,2017.0,7704.0,2018.0,0.576357790233034,0.2178452847869438
Oceania,Tonga,/the-world-factbook/countries/tonga,0,2023-03-31,105221,2023,58745000.0,2021.0,285675000.0,2021.0,455000000.0,2017.0,6100.0,2021.0,455000000.0,2017.0,6100.0,2021.0,0.5760620450308677,0.21736904917921165
Europe,Finland,/the-world-factbook/countries/finland,0,2023-03-31,5614571,2023,116905000000.0,2021.0,116277000000.0,2021.0,269259000000.0,2019.0,48800.0,2021.0,269259000000.0,2019.0,48800.0,2021.0,0.5720848120017297,0.21668187633227398
South America,Bolivia,/the-world-factbook/countries/bolivia,0,2023-03-31,12186079,2023,11439000000.0,2021.0,10799000000.0,2021.0,40822000000.0,2019.0,8100.0,2021.0,40822000000.0,2019.0,8100.0,2021.0,0.5719948714120919,0.21763613278164295
Europe,Slovakia,/the-world-factbook/countries/slovakia,0,2023-03-31,5425319,2023,107430000000.0,2021.0,107358000000.0,2021.0,105388000000.0,2019.0,31900.0,2021.0,105388000000.0,2019.0,31900.0,2021.0,0.5719285894770003,0.21452364271839863
Central America and the Caribbean,Saint Barthelemy,/the-world-factbook/countries/saint-barthelemy,0,2023-03-31,7093,2023,0.0,1970.0,0.0,1970.0,0.0,1970.0,0.0,1970.0,0.0,1970.0,0.0,1970.0,0.5715308102501704,0.20097119148049467
Middle East,Lebanon,/the-world-factbook/countries/lebanon,0,2023-03-31,5331203,2023,10147000000.0,2021.0,17383000000.0,2021.0,53253000000.0,2019.0,13000.0,2021.0,53253000000.0,2019.0,13000.0,2021.0,0.5686038951458116,0.20766375965527648
Europe,Albania,/the-world-factbook/countries/albania,0,2023-03-31,3101621,2023,5612000000.0,2021.0,8004000000.0,2021.0,15273000000.0,2019.0,14500.0,2021.0,15273000000.0,2019.0,14500.0,2021.0,0.5670091349435624,0.20943417663289293
Asia,Sri Lanka,/the-world-factbook/countries/sri-lanka,0,2023-03-31,23326272,2023,13083000000.0,2020.0,18271000000.0,2020.0,84016000000.0,2019.0,13400.0,2021.0,84016000000.0,2019.0,13400.0,2021.0,0.5616400587817,0.20686741487951374
Middle East,Iran,/the-world-factbook/countries/iran,0,2023-03-31,87590873,2023,101400000000.0,2017.0,76390000000.0,2017.0,581252000000.0,2019.0,15000.0,2021.0,581252000000.0,2019.0,15000.0,2021.0,0.5521037272897004,0.20602650092102906
Africa,Guinea-Bissau,/the-world-factbook/countries/guinea-bissau,0,2023-03-31,2078820,2023,232536000.0,2020.0,439000000.0,2020.0,1339000000.0,2019.0,1800.0,2021.0,1339000000.0,2019.0,1800.0,2021.0,0.5510421427069558,0.20934177751510716
Africa,Tunisia,/the-world-factbook/countries/tunisia,0,2023-03-31,11976182,2023,19743000000.0,2021.0,24269000000.0,2021.0,38884000000.0,2019.0,10400.0,2021.0,38884000000.0,2019.0,10400.0,2021.0,0.5451643096998524,0.20795032234254168
Middle East,Yemen,/the-world-factbook/countries/yemen,0,2023-03-31,31565602,2023,384500000.0,2017.0,4079000000.0,2017.0,54356000000.0,2018.0,2500.0,2017.0,54356000000.0,2018.0,2500.0,2017.0,0.5413293355784063,0.19970846244216145
Africa,Nigeria,/the-world-factbook/countries/nigeria,0,2023-03-31,230842743,2023,50856000000.0,2021.0,66107000000.0,2021.0,475062000000.0,2019.0,4900.0,2021.0,475062000000.0,2019.0,4900.0,2021.0,0.5385085419934099,0.20860520408568636
Central America and the Caribbean,Trinidad and Tobago,/the-world-factbook/countries/trinidad-and-tobago,0,2023-03-31,1407460,2023,11467000000.0,2021.0,8592000000.0,2021.0,24031000000.0,2019.0,23000.0,2021.0,24031000000.0,2019.0,23000.0,2021.0,0.533463876346949,0.210330273877865
Africa,Senegal,/the-world-factbook/countries/senegal,0,2023-03-31,18384660,2023,5287000000.0,2018.0,8960000000.0,2018.0,23576000000.0,2019.0,3500.0,2021.0,23576000000.0,2019.0,3500.0,2021.0,0.529892350294175,0.20705150467530284
Oceania,Vanuatu,/the-world-factbook/countries/vanuatu,0,2023-03-31,313046,2023,88805000.0,2021.0,495858000.0,2021.0,870000000.0,2017.0,2800.0,2021.0,870000000.0,2017.0,2800.0,2021.0,0.5242453507091025,0.21254032894114983
Africa,Namibia,/the-world-factbook/countries/namibia,0,2023-03-31,2777232,2023,3955000000.0,2021.0,6055000000.0,2021.0,12372000000.0,2019.0,9100.0,2021.0,12372000000.0,2019.0,9100.0,2021.0,0.52121515189842,0.19891954608189008
Africa,Cabo Verde,/the-world-factbook/countries/cabo-verde,0,2023-03-31,603901,2023,459923000.0,2021.0,1117000000.0,2021.0,1971000000.0,2019.0,6100.0,2021.0,1971000000.0,2019.0,6100.0,2021.0,0.5193292456860772,0.20090945088998644
Oceania,Solomon Islands,/the-world-factbook/countries/solomon-islands,0,2023-03-31,714766,2023,413657000.0,2021.0,619460000.0,2021.0,1298000000.0,2017.0,2400.0,2021.0,1298000000.0,2017.0,2400.0,2021.0,0.5188666458990128,0.20585361414545297
Central America and the Caribbean,Saint Vincent and the Grenadines,/the-world-factbook/countries/saint-vincent-and-the-grenadines,0,2023-03-31,100804,2023,125777000.0,2021.0,415725000.0,2021.0,785000000.0,2017.0,13700.0,2021.0,785000000.0,2017.0,13700.0,2021.0,0.5158643885343441,0.2081681648699846
Africa,Mali,/the-world-factbook/countries/mali,0,2023-03-31,21359722,2023,5196000000.0,2020.0,6339000000.0,2020.0,17508000000.0,2019.0,2100.0,2021.0,17508000000.0,2019.0,2100.0,2021.0,0.5153941855368666,0.2080738432395895
Middle East,Turkey (Turkiye),/the-world-factbook/countries/turkey-turkiye,0,2023-03-31,83593483,2023,282851000000.0,2021.0,285578000000.0,2021.0,760028000000.0,2019.0,31500.0,2021.0,760028000000.0,2019.0,31500.0,2021.0,0.5149212079365323,0.20389735196417708
Arctic Region,Greenland,/the-world-factbook/countries/greenland,0,2023-03-31,57777,2023,407100000.0,2015.0,783500000.0,2015.0,2221000000.0,2015.0,41800.0,2015.0,2221000000.0,2015.0,41800.0,2015.0,0.5109961212358072,0.20499853266737153
Oceania,Norfolk Island,/the-world-factbook/countries/norfolk-island,0,2023-03-31,1748,2016,0.0,1970.0,0.0,1970.0,0.0,1970.0,0.0,1970.0,0.0,1970.0,0.0,1970.0,0.509069929858712,0.2081178618733436
Europe,Belarus,/the-world-factbook/countries/belarus,0,2023-03-31,9383853,2023,49425000000.0,2021.0,45459000000.0,2021.0,63168000000.0,2019.0,19800.0,2021.0,63168000000.0,2019.0,19800.0,2021.0,0.5089851481032357,0.2053895186514305
Africa,Cote d'Ivoire,/the-world-factbook/countries/cote-divoire,0,2023-03-31,29344847,2023,13232000000.0,2020.0,12660000000.0,2020.0,42498000000.0,2018.0,5300.0,2021.0,42498000000.0,2018.0,5300.0,2021.0,0.5076152232731722,0.19824636235128973
Africa,Sudan,/the-world-factbook/countries/sudan,0,2023-03-31,49197555,2023,5916000000.0,2021.0,9788000000.0,2021.0,24918000000.0,2019.0,3700.0,2021.0,24918000000.0,2019.0,3700.0,2021.0,0.5029849698382339,0.19777136521894997
Asia,Georgia,/the-world-factbook/countries/georgia,0,2023-03-31,4936390,2023,8086000000.0,2021.0,11151000000.0,2021.0,17694000000.0,2019.0,15500.0,2021.0,17694000000.0,2019.0,15500.0,2021.0,0.5018606470295924,0.20450995837154898
Asia,Kazakhstan,/the-world-factbook/countries/kazakhstan,0,2023-03-31,19543464,2023,66132000000.00001,2021.0,49196000000.0,2021.0,181194000000.0,2019.0,26100.0,2021.0,181194000000.0,2019.0,26100.0,2021.0,0.4985503926389712,0.20743074448053792
Africa,Sierra Leone,/the-world-factbook/countries/sierra-leone,0,2023-03-31,8908040,2023,700971000.0,2020.0,1418000000.0,2020.0,4132000000.0,2020.0,1600.0,2021.0,4132000000.0,2020.0,1600.0,2021.0,0.49679779342556724,0.19842541659170462
Southeast Asia,Cambodia,/the-world-factbook/countries/cambodia,0,2023-03-31,16891245,2023,20126000000.0,2021.0,32830000000.0,2021.0,22090000000.0,2017.0,4400.0,2021.0,22090000000.0,2017.0,4400.0,2021.0,0.4941609317428967,0.19706153939519191
South America,Paraguay,/the-world-factbook/countries/paraguay,0,2023-03-31,7439863,2023,14154000000.0,2021.0,13454000000.0,2021.0,38940000000.0,2017.0,13700.0,2021.0,38940000000.0,2017.0,13700.0,2021.0,0.49340345586032186,0.2055432666329139
Europe,Czechia,/the-world-factbook/countries/czechia,0,2023-03-31,10706242,2023,204785000000.0,2021.0,196243000000.0,2021.0,250631000000.0,2019.0,40700.0,2021.0,250631000000.0,2019.0,40700.0,2021.0,0.4924176887466028,0.20662622373720624
Asia,Mongolia,/the-world-factbook/countries/mongolia,0,2023-03-31,3255468,2023,8950000000.0,2021.0,9256000000.0,2021.0,11140000000.0,2017.0,11700.0,2021.0,11140000000.0,2017.0,11700.0,2021.0,0.48766345934644173,0.19747774199437915
Southeast Asia,Timor-Leste,/the-world-factbook/countries/timor-leste,0,2023-03-31,1476042,2023,2315000000.0,2021.0,1523000000.0,2021.0,2775000000.0,2017.0,5000.0,2021.0,2775000000.0,2017.0,5000.0,2021.0,0.4790972183321427,0.19586354306429618
Africa,Tanzania,/the-world-factbook/countries/tanzania,0,2023-03-31,65642682,2023,8555000000.0,2020.0,9181000000.0,2020.0,60633000000.0,2019.0,2600.0,2021.0,60633000000.0,2019.0,2600.0,2021.0,0.4762065829928686,0.19404872669456696
Africa,"Congo, Republic of the",/the-world-factbook/countries/congo-republic-of-the,0,2023-03-31,5677493,2023,4670000000.0,2020.0,3279000000.0,2020.0,8718000000.0,2017.0,3200.0,2021.0,8718000000.0,2017.0,3200.0,2021.0,0.47584767282472595,0.19893208794695194
Southeast Asia,Macau,/the-world-factbook/countries/macau,0,2023-03-31,639971,2023,26625000000.0,2021.0,22788000000.0,2021.0,53841000000.0,2019.0,64800.0,2021.0,53841000000.0,2019.0,64800.0,2021.0,0.47271062581426926,0.18989564817636292
Asia,Bangladesh,/the-world-factbook/countries/bangladesh,0,2023-03-31,167184465,2023,49386000000.0,2021.0,85303000000.0,2021.0,329545000000.0,2020.0,5900.0,2021.0,329545000000.0,2020.0,5900.0,2021.0,0.468490777336442,0.19598902522448527
Asia,Kyrgyzstan,/the-world-factbook/countries/kyrgyzstan,0,2023-03-31,6122781,2023,3350000000.0,2021.0,5919000000.0,2021.0,8442000000.0,2019.0,4800.0,2021.0,8442000000.0,2019.0,4800.0,2021.0,0.4640247592908158,0.20300888952425658
Central America and the Caribbean,Dominica,/the-world-factbook/countries/dominica,0,2023-03-31,74656,2023,104959000.0,2021.0,302000000.0,2021.0,557000000.0,2017.0,10900.0,2021.0,557000000.0,2017.0,10900.0,2021.0,0.46221202801379146,0.2024601404847648
Africa,Eritrea,/the-world-factbook/countries/eritrea,0,2023-03-31,6274796,2023,624300000.0,2017.0,1127000000.0,2017.0,5813000000.0,2017.0,1600.0,2017.0,5813000000.0,2017.0,1600.0,2017.0,0.45862863466806486,0.19395350356787486
Africa,Mozambique,/the-world-factbook/countries/mozambique,0,2023-03-31,32513805,2023,6404000000.0,2021.0,10392000000.0,2021.0,14964000000.0,2019.0,1200.0,2021.0,14964000000.0,2019.0,1200.0,2021.0,0.4568855895517764,0.19536837813337346
Central America and the Caribbean,Belize,/the-world-factbook/countries/belize,0,2023-03-31,419137,2023,1044000000.0,2021.0,1252000000.0,2021.0,1854000000.0,2017.0,8800.0,2021.0,1854000000.0,2017.0,8800.0,2021.0,0.4567694798124646,0.19434851705362713
Southeast Asia,Christmas Island,/the-world-factbook/countries/christmas-island,0,2023-03-31,2205,2016,0.0,1970.0,0.0,1970.0,0.0,1970.0,0.0,1970.0,0.0,1970.0,0.0,1970.0,0.4524429272026912,0.19230929522145887
Oceania,Niue,/the-world-factbook/countries/niue,0,2023-03-31,2000,2022,201400.0,2004.0,9038000.0,2004.0,10010000.0,2003.0,5800.0,2003.0,10010000.0,2003.0,5800.0,2003.0,0.45137276899212775,0.19330570112349055
Oceania,New Caledonia,/the-world-factbook/countries/new-caledonia,0,2023-03-31,300682,2023,2207000000.0,2014.0,2715000000.0,2015.0,9770000000.0,2017.0,31100.0,2015.0,9770000000.0,2017.0,31100.0,2015.0,0.450003483180859,0.1946105299037421
Asia,Azerbaijan,/the-world-factbook/countries/azerbaijan,0,2023-03-31,10420515,2023,25488000000.0,2021.0,16337000000.0,2021.0,48104000000.0,2019.0,14400.0,2021.0,48104000000.0,2019.0,14400.0,2021.0,0.44822332895499256,0.19588361168398571
South America,Colombia,/the-world-factbook/countries/colombia,0,2023-03-31,49336454,2023,50793000000.0,2021.0,70840000000.0,2021.0,323255000000.0,2019.0,14600.0,2021.0,323255000000.0,2019.0,14600.0,2021.0,0.4435229629502519,0.2002471646006243
Africa,Cameroon,/the-world-factbook/countries/cameroon,0,2023-03-31,30135732,2023,7449000000.0,2021.0,9027000000.0,2021.0,34990000000.0,2017.0,3700.0,2021.0,34990000000.0,2017.0,3700.0,2021.0,0.44301956646937973,0.19536921437492497
South America,Uruguay,/the-world-factbook/countries/uruguay,0,2023-03-31,3416264,2023,18820000000.0,2021.0,15051000000.0,2021.0,56108000000.0,2019.0,22800.0,2021.0,56108000000.0,2019.0,22800.0,2021.0,0.4425309857301511,0.201919631920668
Africa,Botswana,/the-world-factbook/countries/botswana,0,2023-03-31,2417596,2023,7931000000.0,2021.0,9277000000.0,2021.0,18335000000.0,2019.0,14800.0,2021.0,18335000000.0,2019.0,14800.0,2021.0,0.4384388369346795,0.19074319431616865
Central America and the Caribbean,Grenada,/the-world-factbook/countries/grenada,0,2023-03-31,114299,2023,393766000.0,2021.0,650000000.0,2021.0,1119000000.0,2017.0,13700.0,2021.0,1119000000.0,2017.0,13700.0,2021.0,0.4366193501547831,0.18780589390877558
Africa,Liberia,/the-world-factbook/countries/liberia,0,2023-03-31,5506280,2023,554013000.0,2019.0,1244000000.0,2019.0,3071000000.0,2019.0,1400.0,2021.0,3071000000.0,2019.0,1400.0,2021.0,0.43622516012193946,0.18823342952548905
Oceania,Marshall Islands,/the-world-factbook/countries/marshall-islands,0,2023-03-31,80966,2023,76734000.0,2020.0,171201000.0,2020.0,222000000.0,2017.0,6000.0,2021.0,222000000.0,2017.0,6000.0,2021.0,0.43622516012193946,0.18823342952548905
Africa,"Gambia, The",/the-world-factbook/countries/gambia-the,0,2023-03-31,2468569,2023,135448000.0,2021.0,726000000.0,2021.0,1746000000.0,2019.0,2100.0,2021.0,1746000000.0,2019.0,2100.0,2021.0,0.4292116908036465,0.19370009182065243
Oceania,Wallis and Futuna,/the-world-factbook/countries/wallis-and-futuna,0,2023-03-31,15929,2023,47450.0,2004.0,61170000.0,2004.0,195000000.0,2005.0,3800.0,2004.0,195000000.0,2005.0,3800.0,2004.0,0.4266466759752995,0.19650689596507523
Africa,Djibouti,/the-world-factbook/countries/djibouti,0,2023-03-31,976143,2023,5160000000.0,2021.0,5483000000.0,2021.0,3323000000.0,2019.0,4900.0,2021.0,3323000000.0,2019.0,4900.0,2021.0,0.42432823002550457,0.18470273597250006
Africa,Somalia,/the-world-factbook/countries/somalia,0,2023-03-31,12693796,2023,819000000.0,2014.0,94430000000.0,2018.0,7052000000.0,2017.0,1100.0,2021.0,7052000000.0,2017.0,1100.0,2021.0,0.42432823002550457,0.18470273597250006
Central America and the Caribbean,Saint Martin,/the-world-factbook/countries/saint-martin,0,2023-03-31,32897,2023,0.0,1970.0,0.0,1970.0,561500000.0,2005.0,19300.0,2005.0,561500000.0,2005.0,19300.0,2005.0,0.42418591254325577,0.18959567891951487
Oceania,Tuvalu,/the-world-factbook/countries/tuvalu,0,2023-03-31,11639,2023,2699000.0,2021.0,51187000.0,2021.0,40000000.0,2017.0,4900.0,2021.0,40000000.0,2017.0,4900.0,2021.0,0.42208180742796636,0.1931251251257049
Southeast Asia,Laos,/the-world-factbook/countries/laos,0,2023-03-31,7852377,2023,7820000000.0,2021.0,6527000000.0,2021.0,16969999999.999998,2017.0,7800.0,2021.0,16969999999.999998,2017.0,7800.0,2021.0,0.42197694810414016,0.18613875619593837
Central America and the Caribbean,Haiti,/the-world-factbook/countries/haiti,0,2023-03-31,11470261,2023,1241000000.0,2021.0,5222000000.0,2021.0,8608000000.0,2017.0,2900.0,2021.0,8608000000.0,2017.0,2900.0,2021.0,0.41721097969764076,0.1860431444945321
Africa,South Sudan,/the-world-factbook/countries/south-sudan,0,2023-03-31,12118379,2023,4652000000.0,2021.0,4037000000.0,2021.0,3060000000.0,2017.0,1600.0,2017.0,3060000000.0,2017.0,1600.0,2017.0,0.41667465048593144,0.18258287460266978
Asia,Armenia,/the-world-factbook/countries/armenia,0,2023-03-31,2989091,2023,5012000000.0,2021.0,6120000000.0,2021.0,13694000000.0,2019.0,14200.0,2021.0,13694000000.0,2019.0,14200.0,2021.0,0.4162868193756524,0.1928432549814797
Central America and the Caribbean,Saint Lucia,/the-world-factbook/countries/saint-lucia,0,2023-03-31,167591,2023,890724000.0,2021.0,846484000.0,2021.0,1686000000.0,2017.0,13000.0,2021.0,1686000000.0,2017.0,13000.0,2021.0,0.41475907947225543,0.19765444467989238
North America,Saint Pierre and Miquelon,/the-world-factbook/countries/saint-pierre-and-miquelon,0,2023-03-31,5195,2023,6641000.0,2010.0,95350000.0,2010.0,261300000.0,2015.0,46200.0,2006.0,261300000.0,2015.0,46200.0,2006.0,0.4086181381154915,0.18307766304950066
Oceania,Papua New Guinea,/the-world-factbook/countries/papua-new-guinea,0,2023-03-31,9819350,2023,10597000000.0,2018.0,4844000000.0,2018.0,19820000000.0,2017.0,3700.0,2021.0,19820000000.0,2017.0,3700.0,2021.0,0.40497587978259625,0.19084013372995381
Southeast Asia,Cocos (Keeling) Islands,/the-world-factbook/countries/cocos-keeling-islands,0,2023-03-31,596,2014,0.0,1970.0,0.0,1970.0,0.0,1970.0,0.0,1970.0,0.0,1970.0,0.0,1970.0,0.4045328067004732,0.1863106208424784
Central America and the Caribbean,Saint Kitts and Nevis,/the-world-factbook/countries/saint-kitts-and-nevis,0,2023-03-31,54817,2023,408471000.0,2021.0,441192000.0,2021.0,964000000.0,2017.0,26500.0,2021.0,964000000.0,2017.0,26500.0,2021.0,0.40232514811600073,0.18714411926786953
Europe,Andorra,/the-world-factbook/countries/andorra,0,2023-03-31,85468,2023,1842000000.0,2020.0,1727000000.0,2020.0,2712000000.0,2016.0,49900.0,2015.0,2712000000.0,2016.0,49900.0,2015.0,0.400277228258489,0.1827055810080644
Middle East,Syria,/the-world-factbook/countries/syria,0,2023-03-31,22933531,2023,1850000000.0,2017.0,6279000000.0,2017.0,24600000000.0,2014.0,2900.0,2015.0,24600000000.0,2014.0,2900.0,2015.0,0.3905719290034868,0.18294695772397385
Oceania,Cook Islands,/the-world-factbook/countries/cook-islands,0,2023-03-31,7939,2023,3125000.0,2011.0,109300000.0,2011.0,299900000.0,2016.0,16700.0,2016.0,299900000.0,2016.0,16700.0,2016.0,0.3894965895702426,0.1895069623918615
Africa,Sao Tome and Principe,/the-world-factbook/countries/sao-tome-and-principe,0,2023-03-31,220372,2023,75256000.0,2021.0,201145000.0,2021.0,0.0,2018.0,4100.0,2021.0,0.0,2018.0,4100.0,2021.0,0.3766010876983431,0.1843410575040099
Asia,Tajikistan,/the-world-factbook/countries/tajikistan,0,2023-03-31,9245937,2023,2161000000.0,2021.0,4258000000.0,2021.0,2522000000.0,2019.0,3900.0,2021.0,2522000000.0,2019.0,3900.0,2021.0,0.36533562053237706,0.1888882442779609
Central America and the Caribbean,Curacao,/the-world-factbook/countries/curacao,0,2023-03-31,152849,2023,1280000000.0,2021.0,1915000000.0,2021.0,5600000000.0,2012.0,20800.0,2021.0,5600000000.0,2012.0,20800.0,2021.0,0.36495070101680055,0.18166941379309479
Central America and the Caribbean,Montserrat,/the-world-factbook/countries/montserrat,0,2023-03-31,5440,2023,4400000.0,2017.0,39440000.0,2017.0,167400000.0,2011.0,34000.0,2011.0,167400000.0,2011.0,34000.0,2011.0,0.3624252165829448,0.17950300667532593
Asia,Bhutan,/the-world-factbook/countries/bhutan,0,2023-03-31,876181,2023,741602000.0,2021.0,1027000000.0,2021.0,2405000000.0,2017.0,10900.0,2021.0,2405000000.0,2017.0,10900.0,2021.0,0.35535832700136816,0.17803447184414667
South America,Falkland Islands (Islas Malvinas),/the-world-factbook/countries/falkland-islands-islas-malvinas,0,2023-03-31,3198,2016,257300000.0,2015.0,90000000.0,2004.0,206400000.0,2015.0,70800.0,2015.0,206400000.0,2015.0,70800.0,2015.0,0.3519828334790056,0.17877740174190215
Central America and the Caribbean,Costa Rica,/the-world-factbook/countries/costa-rica,0,2023-03-31,5256612,2023,23761000000.0,2021.0,22298000000.0,2021.0,61855000000.0,2019.0,21200.0,2021.0,61855000000.0,2019.0,21200.0,2021.0,0.3418205393597785,0.17952419379981954
Asia,Turkmenistan,/the-world-factbook/countries/turkmenistan,0,2023-03-31,5690818,2023,7458000000.0,2017.0,4571000000.0,2017.0,40819000000.0,2018.0,15000.0,2019.0,40819000000.0,2018.0,15000.0,2019.0,0.3388558452122329,0.17872709635746403
Africa,"Saint Helena, Ascension, and Tristan da Cunha",/the-world-factbook/countries/saint-helena-ascension-and-tristan-da-cunha,0,2023-03-31,7935,2023,19000000.0,2004.0,20530000.0,2010.0,0.0,1970.0,7800.0,1970.0,0.0,1970.0,7800.0,1970.0,0.3270671459845619,0.17619450141169776
Africa,Zimbabwe,/the-world-factbook/countries/zimbabwe,0,2023-03-31,15418674,2023,5263000000.0,2020.0,5489000000.0,2020.0,21441000000.0,2019.0,2100.0,2021.0,21441000000.0,2019.0,2100.0,2021.0,0.32498257359536675,0.17735480067644885
Central America and the Caribbean,Aruba,/the-world-factbook/countries/aruba,0,2023-03-31,123702,2023,2201000000.0,2021.0,1947000000.0,2021.0,2700000000.0,2017.0,38900.0,2021.0,2700000000.0,2017.0,38900.0,2021.0,0.3140304640275544,0.1745833870379664
Asia,Nepal,/the-world-factbook/countries/nepal,0,2023-03-31,30899443,2023,2520000000.0,2021.0,16992999999.999998,2021.0,24880000000.0,2017.0,3800.0,2021.0,24880000000.0,2017.0,3800.0,2021.0,0.31333327782399345,0.17191043425010472
Oceania,Pitcairn Islands,/the-world-factbook/countries/pitcairn-islands,0,2023-03-31,50,2021,0.0,1970.0,0.0,1970.0,0.0,1970.0,0.0,1970.0,0.0,1970.0,0.0,1970.0,0.30964115452572966,0.17531571384925224
Central America and the Caribbean,Dominican Republic,/the-world-factbook/countries/dominican-republic,0,2023-03-31,10790744,2023,20509000000.0,2021.0,28541000000.0,2021.0,88956000000.0,2019.0,18600.0,2021.0,88956000000.0,2019.0,18600.0,2021.0,0.28815666055499306,0.16974052274082352
Oceania,Nauru,/the-world-factbook/countries/nauru,0,2023-03-31,9852,2023,31101000.0,2018.0,94796000.0,2018.0,114000000.0,2017.0,11900.0,2021.0,114000000.0,2017.0,11900.0,2021.0,0.280632414130792,0.17233906182113576
Africa,Lesotho,/the-world-factbook/countries/lesotho,0,2023-03-31,2210646,2023,1080000000.0,2021.0,2221000000.0,2021.0,2462000000.0,2019.0,2300.0,2021.0,2462000000.0,2019.0,2300.0,2021.0,0.25279858995661025,0.16643201747719544
Africa,Eswatini,/the-world-factbook/countries/eswatini,0,2023-03-31,1130043,2023,2132000000.0,2021.0,2173000000.0,2021.0,4484000000.0,2019.0,8900.0,2021.0,4484000000.0,2019.0,8900.0,2021.0,0.25279858995661025,0.16643201747719544
Central America and the Caribbean,Turks and Caicos Islands,/the-world-factbook/countries/turks-and-caicos-islands,0,2023-03-31,59367,2023,827000000.0,2018.0,544219000.0,2018.0,1020000000.0,2018.0,18500.0,2021.0,1020000000.0,2018.0,18500.0,2021.0,0.23723642356574667,0.162654495985695
Asia,North Korea,/the-world-factbook/countries/korea-north,0,2023-03-31,26072217,2023,222000000.0,2018.0,2320000000.0,2018.0,28000000000.0,2013.0,1700.0,2015.0,28000000000.0,2013.0,1700.0,2015.0,0.2009202369892463,0.15708602675512853
Oceania,Coral Sea Islands,/the-world-factbook/countries/coral-sea-islands,0,2023-03-31,0,1970,0.0,1970.0,0.0,1970.0,0.0,1970.0,0.0,1970.0,0.0,1970.0,0.0,1970.0,0.15000000000000002,0.15000000000000002
Oceania,United States Pacific Island Wildlife Refuges,/the-world-factbook/countries/united-states-pacific-island-wildlife-refuges,0,2023-03-31,0,1957,0.0,1970.0,0.0,1970.0,0.0,1970.0,0.0,1970.0,0.0,1970.0,0.0,1970.0,0.15000000000000002,0.15000000000000002
Southeast Asia,Spratly Islands,/the-world-factbook/countries/spratly-islands,0,2023-03-31,0,1970,0.0,1970.0,0.0,1970.0,0.0,1970.0,0.0,1970.0,0.0,1970.0,0.0,1970.0,0.15000000000000002,0.15000000000000002
Central America and the Caribbean,Anguilla,/the-world-factbook/countries/anguilla,0,2023-03-31,19079,2023,7900000.0,2017.0,186200000.0,2017.0,175400000.0,2009.0,12200.0,2008.0,175400000.0,2009.0,12200.0,2008.0,0.15000000000000002,0.15000000000000002
Middle East,West Bank,/the-world-factbook/countries/west-bank,0,2023-03-31,3050760,2023,3180000000.0,2021.0,10245000000.0,2021.0,9828000000.0,2014.0,5600.0,2021.0,9828000000.0,2014.0,5600.0,2021.0,0.15000000000000002,0.15000000000000002
Arctic Region,Svalbard,/the-world-factbook/countries/svalbard,0,2023-03-31,2926,2021,0.0,1970.0,0.0,1970.0,0.0,1970.0,0.0,1970.0,0.0,1970.0,0.0,1970.0,0.15000000000000002,0.15000000000000002
Oceania,Wake Island,/the-world-factbook/countries/wake-island,0,2023-03-31,100,1970,0.0,1970.0,0.0,1970.0,0.0,1970.0,0.0,1970.0,0.0,1970.0,0.0,1970.0,0.15000000000000002,0.15000000000000002
Central America and the Caribbean,Navassa Island,/the-world-factbook/countries/navassa-island,0,2023-03-31,0,1970,0.0,1970.0,0.0,1970.0,0.0,1970.0,0.0,1970.0,0.0,1970.0,0.0,1970.0,0.15000000000000002,0.15000000000000002
Antarctic RegionAfrica,French Southern and Antarctic Lands,/the-world-factbook/countries/french-southern-and-antarctic-lands,0,2023-03-31,18,1970,0.0,1970.0,0.0,1970.0,0.0,1970.0,0.0,1970.0,0.0,1970.0,0.0,1970.0,0.15000000000000002,0.15000000000000002
Southeast Asia,Ashmore and Cartier Islands,/the-world-factbook/countries/ashmore-and-cartier-islands,0,2023-03-31,0,1970,0.0,1970.0,0.0,1970.0,0.0,1970.0,0.0,1970.0,0.0,1970.0,0.0,1970.0,0.15000000000000002,0.15000000000000002
Antarctic Region,South Georgia and South Sandwich Islands,/the-world-factbook/countries/south-georgia-and-south-sandwich-islands,0,2023-03-31,2001,1970,0.0,1970.0,0.0,1970.0,0.0,1970.0,0.0,1970.0,0.0,1970.0,0.0,1970.0,0.15000000000000002,0.15000000000000002
Europe,Liechtenstein,/the-world-factbook/countries/liechtenstein,0,2023-03-31,39993,2023,3217000000.0,2015.0,2230000000.0,2014.0,6672000000.0,2014.0,139100.0,2009.0,6672000000.0,2014.0,139100.0,2009.0,0.15000000000000002,0.15000000000000002
Middle East,Gaza Strip,/the-world-factbook/countries/gaza-strip,0,2023-03-31,2037744,2023,3180000000.0,2021.0,10245000000.0,2021.0,2938000000.0,2014.0,5600.0,2021.0,2938000000.0,2014.0,5600.0,2021.0,0.15000000000000002,0.15000000000000002
Europe,Guernsey,/the-world-factbook/countries/guernsey,0,2023-03-31,67642,2023,0.0,1970.0,0.0,1970.0,2742000000.0,2005.0,52500.0,2014.0,2742000000.0,2005.0,52500.0,2014.0,0.15000000000000002,0.15000000000000002
Antarctic Region,Heard Island and McDonald Islands,/the-world-factbook/countries/heard-island-and-mcdonald-islands,0,2023-03-31,0,1970,0.0,1970.0,0.0,1970.0,0.0,1970.0,0.0,1970.0,0.0,1970.0,0.0,1970.0,0.15000000000000002,0.15000000000000002
Middle East,Akrotiri,/the-world-factbook/countries/akrotiri,0,2023-03-31,18195,1970,0.0,1970.0,0.0,1970.0,0.0,1970.0,0.0,1970.0,0.0,1970.0,0.0,1970.0,0.15000000000000002,0.15000000000000002
Antarctic Region,Bouvet Island,/the-world-factbook/countries/bouvet-island,0,2023-03-31,0,1970,0.0,1970.0,0.0,1970.0,0.0,1970.0,0.0,1970.0,0.0,1970.0,0.0,1970.0,0.15000000000000002,0.15000000000000002
Political Map of the World,British Indian Ocean Territory,/the-world-factbook/countries/british-indian-ocean-territory,0,2023-03-31,1200,1960,0.0,1970.0,0.0,1970.0,0.0,1970.0,0.0,1970.0,0.0,1970.0,0.0,1970.0,0.15000000000000002,0.15000000000000002
Europe,Jersey,/the-world-factbook/countries/jersey,0,2023-03-31,102785,2023,0.0,1970.0,0.0,1970.0,5004000000.0,2015.0,56600.0,2016.0,5004000000.0,2015.0,56600.0,2016.0,0.15000000000000002,0.15000000000000002
Middle East,Dhekelia,/the-world-factbook/countries/dhekelia,0,2023-03-31,15500,1970,0.0,1970.0,0.0,1970.0,0.0,1970.0,0.0,1970.0,0.0,1970.0,0.0,1970.0,0.15000000000000002,0.15000000000000002
Central America and the Caribbean,Sint Maarten,/the-world-factbook/countries/sint-maarten,0,2023-03-31,45677,2023,787981000.0,2021.0,992658000.0,2021.0,304100000.0,2014.0,35300.0,2018.0,304100000.0,2014.0,35300.0,2018.0,0.15000000000000002,0.15000000000000002
Arctic Region,Jan Mayen,/the-world-factbook/countries/jan-mayen,0,2023-03-31,0,1970,0.0,1970.0,0.0,1970.0,0.0,1970.0,0.0,1970.0,0.0,1970.0,0.0,1970.0,0.15000000000000002,0.15000000000000002
Political Map of the World,Clipperton Island,/the-world-factbook/countries/clipperton-island,0,2023-03-31,0,1970,0.0,1970.0,0.0,1970.0,0.0,1970.0,0.0,1970.0,0.0,1970.0,0.0,1970.0,0.15000000000000002,0.15000000000000002
Europe,Isle of Man,/the-world-factbook/countries/isle-of-man,0,2023-03-31,91840,2023,0.0,1970.0,0.0,1970.0,6792000000.0,2015.0,84600.0,2014.0,6792000000.0,2015.0,84600.0,2014.0,0.15000000000000002,0.15000000000000002
Europe,Holy See (Vatican City),/the-world-factbook/countries/holy-see-vatican-city,0,2023-03-31,1000,2022,0.0,1970.0,0.0,1970.0,0.0,1970.0,0.0,1970.0,0.0,1970.0,0.0,1970.0,0.15000000000000002,0.15000000000000002
Southeast Asia,Paracel Islands,/the-world-factbook/countries/paracel-islands,0,2023-03-31,1440,2014,0.0,1970.0,0.0,1970.0,0.0,1970.0,0.0,1970.0,0.0,1970.0,0.0,1970.0,0.15000000000000002,0.15000000000000002
